id,parent_id,name,bn_name,icon
1,,Allergy and immunology,ржЕрзНржпрж╛рж▓рж╛рж░рзНржЬрж┐ ржПржмржВ ржЗржорж┐ржЙржирзЛрж▓ржЬрж┐,ЁЯзм
2,,Anesthesiology,ржПржирзЗрж╕рзНржерзЗрж╕рж┐ржУрж▓ржЬрж┐,ЁЯТЙ
3,,Dermatology,ржЪрж░рзНржорж░рзЛржЧржмрж┐ржжрзНржпрж╛,ЁЯз┤
4,,Diagnostic radiology,ржбрж╛ржпрж╝рж╛ржЧржирж╕рзНржЯрж┐ржХ рж░рзЗржбрж┐ржУрж▓ржЬрж┐,ЁЯУК
5,,Emergency medicine,ржЬрж░рзБрж░рзА ржФрж╖ржз,ЁЯЪС
6,,Family medicine,ржкрж░рж┐ржмрж╛рж░ ржФрж╖ржз,ЁЯСитАНЁЯСйтАНЁЯСзтАНЁЯСж
7,,Internal medicine,ржЕржнрзНржпржирзНрждрж░рзАржг ржФрж╖ржз,ЁЯй║
8,,Medical genetics,ржорзЗржбрж┐ржХрзЗрж▓ ржЬрзЗржирзЗржЯрж┐ржХрзНрж╕,ЁЯзм
9,,Neurology,ржирж┐ржЙрж░рзЛрж▓ржЬрж┐,ЁЯза
10,,Nuclear medicine,ржкрж╛рж░ржорж╛ржгржмрж┐ржХ ржФрж╖ржз,тШвя╕П
11,,Obstetrics and gynecology,ржзрж╛рждрзНрж░рзАржмрж┐ржжрзНржпрж╛ ржУ рж╕рзНрждрзНрж░рзАрж░рзЛржЧржмрж┐ржжрзНржпрж╛,ЁЯСйтАНЁЯН╝
12,,Ophthalmology,ржЪржХрзНрж╖рзБржмрж┐ржжрзНржпрж╛,ЁЯСБя╕П
13,,Pathology,ржкрзНржпрж╛ржерж▓ржЬрж┐,ЁЯФм
14,,Pediatrics,ржкрзЗржбрж┐ржпрж╝рж╛ржЯрзНрж░рж┐ржХрзНрж╕,ЁЯС╢
15,,Physical medicine and rehabilitation,рж╢рж╛рж░рзАрж░рж┐ржХ ржУрж╖рзБржз ржПржмржВ ржкрзБржирж░рзНржмрж╛рж╕ржи,ЁЯПЛя╕ПтАНтЩАя╕П
16,,Preventive medicine,ржкрзНрж░рждрж┐рж╖рзЗржзржХ ржФрж╖ржз,ЁЯЫбя╕П
17,,Psychiatry,ржоржирзЛрж░рзЛржЧржмрж┐ржжрзНржпрж╛,ЁЯза
18,,Radiation oncology,рж░рзЗржбрж┐ржпрж╝рзЗрж╢ржи ржЕржиржХрзЛрж▓ржЬрж┐,ЁЯУб
19,,Surgery,рж╕рж╛рж░рзНржЬрж╛рж░рж┐,ЁЯФк
20,,Urology,ржЗржЙрж░рзЛрж▓ржЬрж┐,ЁЯЪ╜
21,2,Critical care medicine,ржХрзНрж░рж┐ржЯрж┐ржХрзНржпрж╛рж▓ ржХрзЗржпрж╝рж╛рж░ ржорзЗржбрж┐рж╕рж┐ржи,ЁЯПе
22,2,Hospice and palliative care,ржзрж░рзНржорж╢рж╛рж▓рж╛ ржПржмржВ ржЙржкрж╢ржоржХрж╛рж░рзА ржпрждрзНржи,ЁЯХКя╕П
23,2,Pain medicine,ржмрзНржпржерж╛рж░ ржУрж╖рзБржз,ЁЯШг
24,2,Pediatric anesthesiology,ржкрзЗржбрж┐ржпрж╝рж╛ржЯрзНрж░рж┐ржХ ржЕрзНржпрж╛ржирж╛рж╕рзНржерзЗрж╕рж┐ржУрж▓ржЬрж┐,ЁЯС╢ЁЯТЙ
25,2,Sleep medicine,ржШрзБржорзЗрж░ ржУрж╖рзБржз,ЁЯШ┤
26,3,Dermatopathology,ржЪрж░рзНржорж░рзЛржЧржмрж┐ржжрзНржпрж╛,ЁЯФН
27,3,Pediatric dermatology,ржкрзЗржбрж┐ржпрж╝рж╛ржЯрзНрж░рж┐ржХ ржбрж╛рж░рзНржорж╛ржЯрзЛрж▓ржЬрж┐,ЁЯС╢ЁЯз┤
28,3,Procedural dermatology,ржкржжрзНржзрждрж┐ржЧржд ржЪрж░рзНржоржмрж┐ржжрзНржпрж╛,тЪХя╕П
29,4,Abdominal radiology,ржкрзЗржЯрзЗрж░ рж░рзЗржбрж┐ржУрж▓ржЬрж┐,ЁЯзШ
30,4,Breast imaging,рж╕рзНрждржи ржЗржорзЗржЬрж┐ржВ,ЁЯлА
31,4,Cardiothoracic radiology,ржХрж╛рж░рзНржбрж┐ржУржерзЛрж░рж╛рж╕рж┐ржХ рж░рзЗржбрж┐ржУрж▓ржЬрж┐,тЭдя╕П
32,4,Cardiovascular radiology,ржХрж╛рж░рзНржбрж┐ржУржнрж╛рж╕ржХрзБрж▓рж╛рж░ рж░рзЗржбрж┐ржУрж▓ржЬрж┐,ЁЯТУ
33,4,Chest radiology,ржмрзБржХрзЗрж░ рж░рзЗржбрж┐ржУрж▓ржЬрж┐,ЁЯлБ
34,4,Emergency radiology,ржЬрж░рзБрж░рзА рж░рзЗржбрж┐ржУрж▓ржЬрж┐,тЪб
35,4,Endovascular surgical neuroradiology,ржПржирзНржбрзЛржнрж╛рж╕ржХрзБрж▓рж╛рж░ рж╕рж╛рж░рзНржЬрж┐ржХрзНржпрж╛рж▓ ржирж┐ржЙрж░рзЛржбрж┐ржУрж▓ржЬрж┐,ЁЯФм
36,4,Gastrointestinal radiology,ржЧрзНржпрж╛рж╕рзНржЯрзНрж░рзЛржЗржиржЯрзЗрж╕рзНржЯрж╛ржЗржирж╛рж▓ рж░рзЗржбрж┐ржУрж▓ржЬрж┐,ЁЯН╜я╕П
37,4,Genitourinary radiology,ржЬрзЗржирж┐ржЯрзЛрж░рж┐ржирж╛рж░рж┐ рж░рзЗржбрж┐ржУрж▓ржЬрж┐,ЁЯй║
38,4,Head and neck radiology,рж╣рзЗржб ржПржмржВ ржирзЗржХ рж░рзЗржбрж┐ржУрж▓ржЬрж┐,ЁЯСд
39,4,Interventional radiology,ржЗржирзНржЯрж╛рж░ржнрзЗржирж╢ржирж╛рж▓ рж░рзЗржбрж┐ржУрж▓ржЬрж┐,ЁЯФз
40,4,Musculoskeletal radiology,Musculoskeletal рж░рзЗржбрж┐ржУрж▓ржЬрж┐,ЁЯж┤
41,4,Neuroradiology,ржирж┐ржЙрж░рзЛрж░рж╛ржбрж┐ржУрж▓ржЬрж┐,ЁЯза
42,4,Nuclear radiology,ржирж┐ржЙржХрзНрж▓рж┐ржпрж╝рж╛рж░ рж░рзЗржбрж┐ржУрж▓ржЬрж┐,тЪЫя╕П
43,4,Pediatric radiology,ржкрзЗржбрж┐ржпрж╝рж╛ржЯрзНрж░рж┐ржХ рж░рзЗржбрж┐ржУрж▓ржЬрж┐,ЁЯС╢ЁЯУК
44,4,Radiation oncology,рж░рзЗржбрж┐ржпрж╝рзЗрж╢ржи ржЕржиржХрзЛрж▓ржЬрж┐,ЁЯУб
45,4,Vascular and interventional radiology,ржнрж╛рж╕рзНржХрзБрж▓рж╛рж░ ржПржмржВ ржЗржирзНржЯрж╛рж░ржнрзЗржирж╢ржирж╛рж▓ рж░рзЗржбрж┐ржУрж▓ржЬрж┐,ЁЯТЙ
46,5,Anesthesiology critical care medicine,ржПржирзЗрж╕рзНржерзЗрж╕рж┐ржУрж▓ржЬрж┐ ржХрзНрж░рж┐ржЯрж┐ржХрзНржпрж╛рж▓ ржХрзЗржпрж╝рж╛рж░ ржорзЗржбрж┐рж╕рж┐ржи,ЁЯТЙЁЯПе
47,5,Emergency medical services,ржЬрж░рзБрж░рзА ржЪрж┐ржХрж┐рзОрж╕рж╛ рж╕рзЗржмрж╛,ЁЯЪи
48,5,Hospice and palliative medicine,ржзрж░рзНржорж╢рж╛рж▓рж╛ ржПржмржВ ржЙржкрж╢ржоржХрж╛рж░рзА ржУрж╖рзБржз,ЁЯХКя╕П
49,5,Internal medicine / Critical care medicine,ржЕржнрзНржпржирзНрждрж░рзАржг ржУрж╖рзБржз / ржХрзНрж░рж┐ржЯрж┐ржХрзНржпрж╛рж▓ ржХрзЗржпрж╝рж╛рж░ ржорзЗржбрж┐рж╕рж┐ржи,ЁЯй║ЁЯПе
50,5,Medical toxicology,ржорзЗржбрж┐ржХрзЗрж▓ ржЯржХрзНрж╕рж┐ржХрзЛрж▓ржЬрж┐,тШая╕П
51,5,Pain medicine,ржмрзНржпржерж╛рж░ ржУрж╖рзБржз,ЁЯШг
52,5,Pediatric emergency medicine,ржкрзЗржбрж┐ржпрж╝рж╛ржЯрзНрж░рж┐ржХ ржЬрж░рзБрж░рзА ржФрж╖ржз,ЁЯС╢ЁЯЪС
53,5,Sports medicine,ржЦрзЗрж▓рж╛ржзрзБрж▓рж╛рж░ ржУрж╖рзБржз,ЁЯПГ
54,5,Undersea and hyperbaric medicine,рждрж▓ржжрзЗрж╢ ржПржмржВ рж╣рж╛ржЗржкрж╛рж░ржмрж╛рж░рж┐ржХ ржФрж╖ржз,ЁЯд┐
55,6,Adolescent medicine,ржХрзИрж╢рзЛрж░рзЗрж░ ржУрж╖рзБржз,ЁЯзС
56,6,Geriatric medicine,ржЬрзЗрж░рж┐ржпрж╝рж╛ржЯрзНрж░рж┐ржХ ржУрж╖рзБржз,ЁЯС┤
57,6,Hospice and palliative medicine,ржзрж░рзНржорж╢рж╛рж▓рж╛ ржПржмржВ ржЙржкрж╢ржоржХрж╛рж░рзА ржУрж╖рзБржз,ЁЯХКя╕П
58,6,Geriatric medicine,ржЬрзЗрж░рж┐ржпрж╝рж╛ржЯрзНрж░рж┐ржХ ржУрж╖рзБржз,ЁЯС┤
59,6,Sleep medicine,ржШрзБржорзЗрж░ ржУрж╖рзБржз,ЁЯШ┤
60,6,Sports medicine,ржЦрзЗрж▓рж╛ржзрзБрж▓рж╛рж░ ржУрж╖рзБржз,ЁЯПГ
61,7,Advanced heart failure and transplant cardiology,ржЙржирзНржиржд рж╣рж╛рж░рзНржЯ ржлрзЗржЗрж▓рж┐ржУрж░ ржПржмржВ ржЯрзНрж░рж╛ржирзНрж╕ржкрзНрж▓рж╛ржирзНржЯ ржХрж╛рж░рзНржбрж┐ржУрж▓ржЬрж┐,тЭдя╕П
62,7,Cardiovascular disease,рж╣рзГржжрж░рзЛржЧрзЗрж░,ЁЯТУ
63,7,Clinical cardiac electrophysiology,ржХрзНрж▓рж┐ржирж┐ржХрж╛рж▓ ржХрж╛рж░рзНржбрж┐ржпрж╝рж╛ржХ ржЗрж▓рзЗржХрзНржЯрзНрж░рзЛржлрж┐ржЬрж┐ржУрж▓ржЬрж┐,тЪб
64,7,Critical care medicine,ржХрзНрж░рж┐ржЯрж┐ржХрзНржпрж╛рж▓ ржХрзЗржпрж╝рж╛рж░ ржорзЗржбрж┐рж╕рж┐ржи,ЁЯПе
65,7,"Endocrinology, diabetes, and metabolism","ржПржирзНржбрзЛржХрзНрж░рж┐ржирзЛрж▓ржЬрж┐, ржбрж╛ржпрж╝рж╛ржмрзЗржЯрж┐рж╕ ржПржмржВ ржмрж┐ржкрж╛ржХ",ЁЯзк
66,7,Gastroenterology,ржЧрзНржпрж╛рж╕рзНржЯрзНрж░рзЛржПржирзНржЯрж╛рж░рзЛрж▓ржЬрж┐,ЁЯН╜я╕П
67,7,Geriatric medicine,ржЬрзЗрж░рж┐ржпрж╝рж╛ржЯрзНрж░рж┐ржХ ржУрж╖рзБржз,ЁЯС┤
68,7,Hematology,рж╣рзЗржорж╛ржЯрзЛрж▓ржЬрж┐,ЁЯй╕
69,7,Hematology and oncology,рж╣рзЗржорж╛ржЯрзЛрж▓ржЬрж┐ ржПржмржВ ржЕржиржХрзЛрж▓ржЬрж┐,ЁЯй╕
70,7,Infectious disease,рж╕ржВржХрзНрж░рж╛ржоржХ рж░рзЛржЧ,ЁЯжа
71,7,Internal medicine,ржЕржнрзНржпржирзНрждрж░рзАржг ржФрж╖ржз,ЁЯй║
72,7,Interventional cardiology,ржЗржирзНржЯрж╛рж░ржнрзЗржирж╢ржирж╛рж▓ ржХрж╛рж░рзНржбрж┐ржУрж▓ржЬрж┐,тЭдя╕П
73,7,Nephrology,ржирзЗржлрзНрж░рзЛрж▓ржЬрж┐,ЁЯлШ
74,7,Oncology,ржЕржиржХрзЛрж▓ржЬрж┐,ЁЯФм
75,7,Pediatric internal medicine,ржкрзЗржбрж┐ржпрж╝рж╛ржЯрзНрж░рж┐ржХ ржЕржнрзНржпржирзНрждрж░рзАржг ржУрж╖рзБржз,ЁЯС╢ЁЯй║
76,7,Pulmonary disease,ржлрзБрж╕ржлрзБрж╕рзЗрж░ ржЕрж╕рзБржЦ,ЁЯлБ
77,7,Pulmonary disease and critical care medicine,ржкрж╛рж▓ржорзЛржирж╛рж░рж┐ ржбрж┐ржЬрж┐ржЬ ржПржмржВ ржХрзНрж░рж┐ржЯрж┐ржХрзНржпрж╛рж▓ ржХрзЗржпрж╝рж╛рж░ ржорзЗржбрж┐рж╕рж┐ржи,ЁЯлБ
78,7,Rheumatology,рж░рж┐ржЙржорж╛ржЯрзЛрж▓ржЬрж┐,ЁЯж┤
79,7,Sleep medicine,ржШрзБржорзЗрж░ ржУрж╖рзБржз,ЁЯШ┤
80,7,Sports medicine,ржЦрзЗрж▓рж╛ржзрзБрж▓рж╛рж░ ржУрж╖рзБржз,ЁЯПГ
81,7,Transplant hepatology,ржЯрзНрж░рж╛ржирзНрж╕ржкрзНрж▓рзНржпрж╛ржирзНржЯ рж╣рзЗржкрж╛ржЯрзЛрж▓ржЬрж┐,ЁЯлУ
82,8,Biochemical genetics,ржмрж╛ржпрж╝рзЛржХрзЗржорж┐ржХрзНржпрж╛рж▓ ржЬрзЗржирзЗржЯрж┐ржХрзНрж╕,ЁЯзк
83,8,Clinical cytogenetics,ржХрзНрж▓рж┐ржирж┐ржХрж╛рж▓ рж╕рж╛ржЗржЯрзЛржЬрзЗржирзЗржЯрж┐ржХрзНрж╕,ЁЯзм
84,8,Clinical genetics,ржХрзНрж▓рж┐ржирж┐ржХрж╛рж▓ ржЬрзЗржирзЗржЯрж┐ржХрзНрж╕,ЁЯзм
85,8,Molecular genetic pathology,ржЖржгржмрж┐ржХ ржЬрзЗржирзЗржЯрж┐ржХ ржкрзНржпрж╛ржерж▓ржЬрж┐,ЁЯФм
86,9,Brain injury medicine,ржорж╕рзНрждрж┐рж╖рзНржХрзЗрж░ ржЖржШрж╛рждрзЗрж░ ржУрж╖рзБржз,ЁЯза
87,9,Child neurology,рж╢рж┐рж╢рзБ ржирж┐ржЙрж░рзЛрж▓ржЬрж┐,ЁЯС╢
88,9,Clinical neurophysiology,ржХрзНрж▓рж┐ржирж┐ржХрж╛рж▓ ржирж┐ржЙрж░рзЛржлрж┐ржЬрж┐ржУрж▓ржЬрж┐,ЁЯУК
89,9,Endovascular surgical neuroradiology,ржПржирзНржбрзЛржнрж╛рж╕ржХрзБрж▓рж╛рж░ рж╕рж╛рж░рзНржЬрж┐ржХрзНржпрж╛рж▓ ржирж┐ржЙрж░рзЛржбрж┐ржУрж▓ржЬрж┐,ЁЯй║
90,9,Hospice and palliative medicine,ржзрж░рзНржорж╢рж╛рж▓рж╛ ржПржмржВ ржЙржкрж╢ржоржХрж╛рж░рзА ржУрж╖рзБржз,ЁЯХКя╕П
91,9,Neurodevelopmental disabilities,ржирж┐ржЙрж░рзЛржбрзЗржнрзЗрж▓ржкржорзЗржирзНржЯрж╛рж▓ ржЕржХрзНрж╖ржорждрж╛,ЁЯза
92,9,Neuromuscular medicine,ржирж┐ржЙрж░рзЛржорж╛рж╕ржХрзБрж▓рж╛рж░ ржФрж╖ржз,ЁЯТк
93,9,Pain medicine,ржмрзНржпржерж╛рж░ ржУрж╖рзБржз,ЁЯШг
94,9,Sleep medicine,ржШрзБржорзЗрж░ ржУрж╖рзБржз,ЁЯШ┤
95,9,Vascular neurology,ржнрж╛рж╕рзНржХрзБрж▓рж╛рж░ ржирж┐ржЙрж░рзЛрж▓ржЬрж┐,ЁЯза
96,11,Female pelvic medicine and reconstructive surgery,ржорж╣рж┐рж▓рж╛ ржкрзЗрж▓ржнрж┐ржХ ржорзЗржбрж┐рж╕рж┐ржи ржПржмржВ ржкрзБржирж░рзНржЧржаржиржорзВрж▓ржХ рж╕рж╛рж░рзНржЬрж╛рж░рж┐,ЁЯСй
97,11,Gynecologic oncology,ржЧрж╛ржЗржирзЛржХрзЛрж▓ржЬрж┐ржХ ржЕржиржХрзЛрж▓ржЬрж┐,ЁЯСй
98,11,Maternal-fetal medicine,ржорж╛рждрзГ-ржнрзНрж░рзВржгрзЗрж░ ржУрж╖рзБржз,ЁЯд░
99,11,Reproductive endocrinologists and infertility,ржкрзНрж░ржЬржиржи ржПржирзНржбрзЛржХрзНрж░рж┐ржирзЛрж▓ржЬрж┐рж╕рзНржЯ ржПржмржВ ржмржирзНржзрзНржпрж╛рждрзНржм,ЁЯСк
100,12,Anterior segment/cornea ophthalmology,ржкрзВрж░рзНржмржмрж░рзНрждрзА ржмрж┐ржнрж╛ржЧ/ржХрж░рзНржгрж┐ржпрж╝рж╛ ржЪржХрзНрж╖рзБржмрж┐ржжрзНржпрж╛,ЁЯСБя╕П
101,12,Glaucoma ophthalmology,ржЧрзНрж▓рзБржХрзЛржорж╛ ржЪржХрзНрж╖рзБржмрж┐ржжрзНржпрж╛,ЁЯСБя╕П
102,12,Neuro-ophthalmology,ржирж┐ржЙрж░рзЛ-ржЪржХрзНрж╖рзБржмрж┐ржжрзНржпрж╛,ЁЯзаЁЯСБя╕П
103,12,Ocular oncology,ржУржХрзБрж▓рж╛рж░ ржЕржиржХрзЛрж▓ржЬрж┐,ЁЯСБя╕П
104,12,Oculoplastics/orbit,ржЕржХрзБрж▓рзЛржкрзНрж▓рж╛рж╕рзНржЯрж┐ржХ/ржХржХрзНрж╖ржкрже,ЁЯСБя╕П
105,12,Ophthalmic Plastic & Reconstructive Surgery,ржЪржХрзНрж╖рзБ ржкрзНрж▓рж╛рж╕рзНржЯрж┐ржХ ржПржмржВ ржкрзБржирж░рзНржЧржаржи рж╕рж╛рж░рзНржЬрж╛рж░рж┐,ЁЯСБя╕П
106,12,Retina/uveitis,рж░рзЗржЯрж┐ржирж╛/ржЗржЙржнрзЗржЗржЯрж┐рж╕,ЁЯСБя╕П
107,12,Strabismus/pediatric ophthalmology,рж╕рзНржЯрзНрж░рзНржпрж╛ржмрж┐рж╕ржорж╛рж╕/ржкрзЗржбрж┐ржпрж╝рж╛ржЯрзНрж░рж┐ржХ ржЪржХрзНрж╖рзБржмрж┐ржжрзНржпрж╛,ЁЯС╢ЁЯСБя╕П
108,13,Anatomical pathology,рж╢рж╛рж░рзАрж░ржмрзГрждрзНрждрзАржпрж╝ ржкрзНржпрж╛ржерж▓ржЬрж┐,ЁЯФм
109,13,Blood banking and transfusion medicine,ржмрзНрж▓рж╛ржб ржмрзНржпрж╛ржЩрзНржХрж┐ржВ ржПржмржВ ржЯрзНрж░рж╛ржирзНрж╕ржлрж┐ржЙрж╢ржи ржорзЗржбрж┐рж╕рж┐ржи,ЁЯй╕
110,13,Chemical pathology,рж░рж╛рж╕рж╛ржпрж╝ржирж┐ржХ ржкрзНржпрж╛ржерж▓ржЬрж┐,ЁЯзк
111,13,Clinical pathology,ржХрзНрж▓рж┐ржирж┐ржХрж╛рж▓ ржкрзНржпрж╛ржерж▓ржЬрж┐,ЁЯФм
112,13,Cytopathology,рж╕рж╛ржЗржЯрзЛржкрзНржпрж╛ржерж▓ржЬрж┐,ЁЯФм
113,13,Forensic pathology,ржлрж░рзЗржирж╕рж┐ржХ рж░рзЛржЧржмрж┐ржжрзНржпрж╛,ЁЯФН
114,13,Genetic pathology,ржЬрзЗржирзЗржЯрж┐ржХ ржкрзНржпрж╛ржерж▓ржЬрж┐,ЁЯзм
115,13,Hematology,рж╣рзЗржорж╛ржЯрзЛрж▓ржЬрж┐,ЁЯй╕
116,13,Immunopathology,ржЗржорж┐ржЙржирзЛржкрзНржпрж╛ржерзЛрж▓ржЬрж┐,ЁЯФм
117,13,Medical microbiology,ржорзЗржбрж┐ржХрзЗрж▓ ржорж╛ржЗржХрзНрж░рзЛржмрж╛ржпрж╝рзЛрж▓ржЬрж┐,ЁЯжа
118,13,Molecular pathology,ржЖржгржмрж┐ржХ ржкрзНржпрж╛ржерж▓ржЬрж┐,ЁЯФм
119,13,Neuropathology,ржирж┐ржЙрж░рзЛржкрзНржпрж╛ржерзЛрж▓ржЬрж┐,ЁЯза
120,13,Pediatric pathology,ржкрзЗржбрж┐ржпрж╝рж╛ржЯрзНрж░рж┐ржХ ржкрзНржпрж╛ржерж▓ржЬрж┐,ЁЯС╢
121,14,Adolescent medicine,ржХрзИрж╢рзЛрж░рзЗрж░ ржУрж╖рзБржз,ЁЯзС
122,14,Child abuse pediatrics,рж╢рж┐рж╢рзБ ржирж┐рж░рзНржпрж╛рждржи рж╢рж┐рж╢рзБрж░рзЛржЧ,ЁЯЫС
123,14,Developmental-behavioral pediatrics,ржЙржирзНржиржпрж╝ржиржорзВрж▓ржХ-ржЖржЪрж░ржгржЧржд ржкрзЗржбрж┐ржпрж╝рж╛ржЯрзНрж░рж┐ржХрзНрж╕,ЁЯС╢
124,14,Neonatal-perinatal medicine,ржиржмржЬрж╛рждржХ-ржкрзНрж░рж╕ржмржХрж╛рж▓рзАржи ржУрж╖рзБржз,ЁЯС╢
125,14,Pediatric cardiology,ржкрзЗржбрж┐ржпрж╝рж╛ржЯрзНрж░рж┐ржХ ржХрж╛рж░рзНржбрж┐ржУрж▓ржЬрж┐,ЁЯС╢тЭдя╕П
126,14,Pediatric critical care medicine,ржкрзЗржбрж┐ржпрж╝рж╛ржЯрзНрж░рж┐ржХ ржХрзНрж░рж┐ржЯрж┐ржХрзНржпрж╛рж▓ ржХрзЗржпрж╝рж╛рж░ ржорзЗржбрж┐рж╕рж┐ржи,ЁЯС╢ЁЯПе
127,14,Pediatric endocrinology,ржкрзЗржбрж┐ржпрж╝рж╛ржЯрзНрж░рж┐ржХ ржПржирзНржбрзЛржХрзНрж░рж┐ржирзЛрж▓ржЬрж┐,ЁЯС╢
128,14,Pediatric gastroenterology,ржкрзЗржбрж┐ржпрж╝рж╛ржЯрзНрж░рж┐ржХ ржЧрзНржпрж╛рж╕рзНржЯрзНрж░рзЛржПржирзНржЯрж╛рж░рзЛрж▓ржЬрж┐,ЁЯС╢
129,14,Pediatric hematology-oncology,ржкрзЗржбрж┐ржпрж╝рж╛ржЯрзНрж░рж┐ржХ рж╣рзЗржорж╛ржЯрзЛрж▓ржЬрж┐-ржЕржиржХрзЛрж▓ржЬрж┐,ЁЯС╢ЁЯй╕
130,14,Pediatric infectious diseases,рж╢рж┐рж╢рзБржжрзЗрж░ рж╕ржВржХрзНрж░рж╛ржоржХ рж░рзЛржЧ,ЁЯС╢ЁЯжа
131,14,Pediatric nephrology,ржкрзЗржбрж┐ржпрж╝рж╛ржЯрзНрж░рж┐ржХ ржирзЗржлрзНрж░рзЛрж▓ржЬрж┐,ЁЯС╢
132,14,Pediatric pulmonology,ржкрзЗржбрж┐ржпрж╝рж╛ржЯрзНрж░рж┐ржХ ржкрж╛рж▓ржорзЛржирзЛрж▓ржЬрж┐,ЁЯС╢ЁЯлБ
133,14,Pediatric rheumatology,ржкрзЗржбрж┐ржпрж╝рж╛ржЯрзНрж░рж┐ржХ рж░рж┐ржЙржорж╛ржЯрзЛрж▓ржЬрж┐,ЁЯС╢
134,14,Pediatric sports medicine,ржкрзЗржбрж┐ржпрж╝рж╛ржЯрзНрж░рж┐ржХ рж╕рзНржкрзЛрж░рзНржЯрж╕ ржорзЗржбрж┐рж╕рж┐ржи,ЁЯС╢ЁЯПГ
135,14,Pediatric transplant hepatology,ржкрзЗржбрж┐ржпрж╝рж╛ржЯрзНрж░рж┐ржХ ржЯрзНрж░рж╛ржирзНрж╕ржкрзНрж▓рзНржпрж╛ржирзНржЯ рж╣рзЗржкрж╛ржЯрзЛрж▓ржЬрж┐,ЁЯС╢
136,15,Brain injury medicine,ржорж╕рзНрждрж┐рж╖рзНржХрзЗрж░ ржЖржШрж╛рждрзЗрж░ ржУрж╖рзБржз,ЁЯза
137,15,Hospice and palliative medicine,ржзрж░рзНржорж╢рж╛рж▓рж╛ ржПржмржВ ржЙржкрж╢ржоржХрж╛рж░рзА ржУрж╖рзБржз,ЁЯХКя╕П
138,15,Neuromuscular medicine,ржирж┐ржЙрж░рзЛржорж╛рж╕ржХрзБрж▓рж╛рж░ ржФрж╖ржз,ЁЯТк
139,15,Pain medicine,ржмрзНржпржерж╛рж░ ржУрж╖рзБржз,ЁЯШг
140,15,Pediatric rehabilitation medicine,ржкрзЗржбрж┐ржпрж╝рж╛ржЯрзНрж░рж┐ржХ ржкрзБржирж░рзНржмрж╛рж╕ржи ржУрж╖рзБржз,ЁЯС╢
141,15,Spinal cord injury medicine,ржорзЗрж░рзБржжржгрзНржбрзЗрж░ ржЖржШрж╛рждрзЗрж░ ржУрж╖рзБржз,ЁЯж┤
142,15,Sports medicine,ржЦрзЗрж▓рж╛ржзрзБрж▓рж╛рж░ ржУрж╖рзБржз,ЁЯПГ
143,16,Aerospace medicine,ржорж╣рж╛ржХрж╛рж╢ ржУрж╖рзБржз,ЁЯЪА
144,16,Medical toxicology,ржорзЗржбрж┐ржХрзЗрж▓ ржЯржХрзНрж╕рж┐ржХрзЛрж▓ржЬрж┐,тШая╕П
145,16,Occupational medicine,ржкрзЗрж╢рж╛ржЧржд ржФрж╖ржз,ЁЯС╖
146,16,Public health medicine,ржкрж╛ржмрж▓рж┐ржХ рж╣рзЗрж▓рже ржорзЗржбрж┐рж╕рж┐ржи,ЁЯСе
147,17,Addiction psychiatry,ржЖрж╕ржХрзНрждрж┐ ржоржирзЛржЪрж┐ржХрж┐рзОрж╕рж╛,ЁЯза
148,17,Administrative psychiatry,ржкрзНрж░рж╢рж╛рж╕ржирж┐ржХ ржоржирзЛрж░рзЛржЧржмрж┐ржжрзНржпрж╛,ЁЯза
149,17,Child and adolescent psychiatry,рж╢рж┐рж╢рзБ ржПржмржВ ржХрж┐рж╢рзЛрж░ ржоржирзЛрж░рзЛржЧржмрж┐ржжрзНржпрж╛,ЁЯС╢ЁЯза
150,17,Community psychiatry,ржХржорж┐ржЙржирж┐ржЯрж┐ рж╕рж╛ржЗржХрж┐ржпрж╝рж╛ржЯрзНрж░рж┐,ЁЯСк
151,17,Consultation/liaison psychiatry,ржкрж░рж╛ржорж░рзНрж╢/ржпрзЛржЧрж╛ржпрзЛржЧ ржоржирзЛрж░рзЛржЧржмрж┐ржжрзНржпрж╛,ЁЯза
152,17,Emergency psychiatry,ржЬрж░рзБрж░рзА ржоржирзЛрж░рзЛржЧ,тЪб
153,17,Forensic psychiatry,ржлрж░рзЗржирж╕рж┐ржХ рж╕рж╛ржЗржХрж┐ржпрж╝рж╛ржЯрзНрж░рж┐,ЁЯФН
154,17,Geriatric psychiatry,ржЬрзЗрж░рж┐ржпрж╝рж╛ржЯрзНрж░рж┐ржХ рж╕рж╛ржЗржХрж┐ржпрж╝рж╛ржЯрзНрж░рж┐,ЁЯС┤
155,17,Mental retardation psychiatry,ржорж╛ржирж╕рж┐ржХ ржкрзНрж░рждрж┐ржмржирзНржзрзА ржоржирзЛржЪрж┐ржХрж┐рзОрж╕рж╛,ЁЯза
156,17,Military psychiatry,ржорж┐рж▓рж┐ржЯрж╛рж░рж┐ рж╕рж╛ржЗржХрж┐ржпрж╝рж╛ржЯрзНрж░рж┐,ЁЯкЦ
157,17,Pain medicine,ржмрзНржпржерж╛рж░ ржУрж╖рзБржз,ЁЯШг
158,17,Psychiatric research,ржоржирж╕рзНрждрж╛рждрзНрждрзНржмрж┐ржХ ржЧржмрзЗрж╖ржгрж╛,ЁЯФм
159,17,Psychosomatic medicine,рж╕рж╛ржЗржХрзЛрж╕рзЛржорзЗржЯрж┐ржХ ржФрж╖ржз,ЁЯза
160,18,Hospice and palliative medicine,ржзрж░рзНржорж╢рж╛рж▓рж╛ ржПржмржВ ржЙржкрж╢ржоржХрж╛рж░рзА ржУрж╖рзБржз,ЁЯХКя╕П
161,18,Pain medicine,ржмрзНржпржерж╛рж░ ржУрж╖рзБржз,ЁЯШг
162,19,Colon and rectal surgery,ржХрзЛрж▓ржи ржПржмржВ рж░рзЗржХржЯрж╛рж▓ рж╕рж╛рж░рзНржЬрж╛рж░рж┐,ЁЯФк
163,19,General surgery,рж╕рж╛ржзрж╛рж░ржг рж╢рж▓рзНржп ржЪрж┐ржХрж┐рзОрж╕рж╛,ЁЯФк
164,19,Gynecologic oncology,ржЧрж╛ржЗржирзЛржХрзЛрж▓ржЬрж┐ржХ ржЕржиржХрзЛрж▓ржЬрж┐,ЁЯСй
165,19,Plastic surgery,ржкрзНрж▓рж╛рж╕рзНржЯрж┐ржХ рж╕рж╛рж░рзНржЬрж╛рж░рж┐,тЬВя╕П
166,19,Neurological surgery,рж╕рзНржирж╛ржпрж╝ржмрж┐ржХ ржЕрж╕рзНрждрзНрж░рзЛржкржЪрж╛рж░,ЁЯза
167,19,Ophthalmic surgery,ржЪржХрзНрж╖рзБ рж╕рж╛рж░рзНржЬрж╛рж░рж┐,ЁЯСБя╕П
168,19,Oral and maxillofacial surgery,ржУрж░рж╛рж▓ ржПржмржВ ржорзНржпрж╛ржХрзНрж╕рж┐рж▓рзЛржлрзЗрж╕рж┐ржпрж╝рж╛рж▓ рж╕рж╛рж░рзНржЬрж╛рж░рж┐,ЁЯж╖
169,19,Orthopaedic surgery,ржЕрж░рзНржерзЛржкрзЗржбрж┐ржХ рж╕рж╛рж░рзНржЬрж╛рж░рж┐,ЁЯж┤
170,19,Otolaryngology,ржЕржЯрзЛрж▓рж╛рж░рж┐ржЩрзНржЧрзЛрж▓ржЬрж┐,ЁЯСВ
171,19,Otology neurotology,ржЕржЯрзЛрж▓ржЬрж┐ ржирж┐ржЙрж░рзЛржЯрзЛрж▓ржЬрж┐,ЁЯСВ
172,19,Pediatric surgery,ржкрзЗржбрж┐ржпрж╝рж╛ржЯрзНрж░рж┐ржХ рж╕рж╛рж░рзНржЬрж╛рж░рж┐,ЁЯС╢
173,19,"Surgical Intensivists, specializing in critical care patients","рж╕рж╛рж░рзНржЬрж┐ржХрзНржпрж╛рж▓ ржЗржиржЯрзЗржирж╕рж┐ржнрж┐рж╕рзНржЯ, ржХрзНрж░рж┐ржЯрж┐ржХрзНржпрж╛рж▓ ржХрзЗржпрж╝рж╛рж░ рж░рзЛржЧрзАржжрзЗрж░ ржмрж┐рж╢рзЗрж╖ржЬрзНржЮ",ЁЯПе
174,19,Thoracic Surgery,ржерзЛрж░рж╛рж╕рж┐ржХ рж╕рж╛рж░рзНржЬрж╛рж░рж┐,ЁЯлБ
175,19,Vascular surgery,рж░ржХрзНрждржирж╛рж▓рзАрж░ рж╢рж▓рзНржпржЪрж┐ржХрж┐рзОрж╕рж╛,ЁЯй╕
176,20,Pediatric urology,ржкрзЗржбрж┐ржпрж╝рж╛ржЯрзНрж░рж┐ржХ ржЗржЙрж░рзЛрж▓ржЬрж┐,ЁЯС╢
177,20,Urologic oncology,ржЗржЙрж░рзЛрж▓ржЬрж┐ржХ ржЕржиржХрзЛрж▓ржЬрж┐,ЁЯФм
178,20,Renal transplant,рж░рзЗржирж╛рж▓ ржЯрзНрж░рж╛ржирзНрж╕ржкрзНрж▓рж╛ржирзНржЯ,ЁЯлШ
179,20,Male infertility,ржкрзБрж░рзБрж╖ ржмржирзНржзрзНржпрж╛рждрзНржм,ЁЯСи
180,20,Calculi,ржХрзНржпрж╛рж▓ржХрзБрж▓рзА,ЁЯТО
181,20,Female urology,ржорж╣рж┐рж▓рж╛ ржЗржЙрж░рзЛрж▓ржЬрж┐,ЁЯСй
182,20,Neurourology,ржирж┐ржЙрж░рзЛрж▓ржЬрж┐,ЁЯза
183,163,Surgical critical care,рж╕рж╛рж░рзНржЬрж┐ржХрзНржпрж╛рж▓ ржХрзНрж░рж┐ржЯрж┐ржХрзНржпрж╛рж▓ ржХрзЗржпрж╝рж╛рж░,ЁЯПе
184,165,Craniofacial surgery,ржХрзНрж░рзНржпрж╛ржирж┐ржУржлрзЗрж╕рж┐ржпрж╝рж╛рж▓ рж╕рж╛рж░рзНржЬрж╛рж░рж┐,ЁЯСд
185,165,Hand surgery,рж╣рж╛рждрзЗрж░ ржЕрж╕рзНрждрзНрж░рзЛржкржЪрж╛рж░,тЬЛ
186,166,Endovascular surgical neuroradiology,ржПржирзНржбрзЛржнрж╛рж╕ржХрзБрж▓рж╛рж░ рж╕рж╛рж░рзНржЬрж┐ржХрзНржпрж╛рж▓ ржирж┐ржЙрж░рзЛржбрж┐ржУрж▓ржЬрж┐,ЁЯза
187,169,Adult reconstructive orthopaedics,ржкрзНрж░рж╛ржкрзНрждржмржпрж╝рж╕рзНржХ ржкрзБржирж░рзНржЧржаржиржорзВрж▓ржХ ржЕрж░рзНржерзЛржкрзЗржбрж┐ржХрж╕,ЁЯж┤
188,169,Foot and ankle orthopaedics,ржкрж╛ ржПржмржВ ржЧрзЛржбрж╝рж╛рж▓рж┐ ржЕрж░рзНржерзЛржкрзЗржбрж┐ржХрж╕,ЁЯж╢
189,169,Musculoskeletal oncology,Musculoskeletal ржЕржиржХрзЛрж▓ржЬрж┐,ЁЯж┤
190,169,Orthopaedic sports medicine,ржЕрж░рзНржерзЛржкрзЗржбрж┐ржХ ржХрзНрж░рзАржбрж╝рж╛ ржФрж╖ржз,ЁЯПГ
191,169,Orthopaedic surgery of the spine,ржорзЗрж░рзБржжржгрзНржбрзЗрж░ ржЕрж░рзНржерзЛржкрзЗржбрж┐ржХ рж╕рж╛рж░рзНржЬрж╛рж░рж┐,ЁЯж┤
206,169,Orthopaedic trauma,ржЕрж░рзНржерзЛржкрзЗржбрж┐ржХ ржЯрзНрж░ржорж╛,ЁЯж┤
207,169,Pediatric orthopaedics,ржкрзЗржбрж┐ржпрж╝рж╛ржЯрзНрж░рж┐ржХ ржЕрж░рзНржерзЛржкрзЗржбрж┐ржХрж╕,ЁЯС╢
208,170,Pediatric otolaryngology,ржкрзЗржбрж┐ржпрж╝рж╛ржЯрзНрж░рж┐ржХ ржЕржЯрзЛрж▓рзНржпрж╛рж░рж┐ржЩрзНржЧрзЛрж▓ржЬрж┐,ЁЯС╢
209,172,Neonatal,ржиржмржЬрж╛рждржХ,ЁЯС╢
192,172,Prenatal,ржЬржирзНржоржкрзВрж░рзНржм,ЁЯд░
193,172,Trauma,ржЯрзНрж░ржорж╛,ЁЯЪС
194,172,Pediatric oncology,ржкрзЗржбрж┐ржпрж╝рж╛ржЯрзНрж░рж┐ржХ ржЕржиржХрзЛрж▓ржЬрж┐,ЁЯС╢
195,174,Congenital cardiac surgery,ржЬржирзНржоржЧржд ржХрж╛рж░рзНржбрж┐ржпрж╝рж╛ржХ рж╕рж╛рж░рзНржЬрж╛рж░рж┐,тЭдя╕П
196,174,Thoracic surgery-integrated,ржерзЛрж░рж╛рж╕рж┐ржХ рж╕рж╛рж░рзНржЬрж╛рж░рж┐-ржЗржирзНржЯрж┐ржЧрзНрж░рзЗржЯрзЗржб,ЁЯлБ